אאורה,אאורה,373019,Shares,329.5
אב-גד,אבגד,1171818,Shares,746.2
אבגול,אבגל,1100957,Shares,308.5
אבוג'ן,אבגן,1105055,Shares,1146
אביב ארלון,אבלן,106013,Shares,174.4
אביב בניה,אביב,444018,Shares,3026
אביליטי,אביל,1137256,Shares,214.9
אברא,אברא,1101666,Shares,397.8
אברבוך,אברבך,675017,Shares,1713
אברות,אברות,297010,Shares,117.2
אדגר,אדגר,1820083,Shares,659.5
אדרי-אל,אדרל,1105162,Shares,156
או פי סי אנרגיה,אפסא,1141571,Shares,3421
או.אר.טי,ארטכ,1086230,Shares,2638
אוברסיז,אובר,1139617,Shares,433.9
אוגווינד,אוגנ,1105907,Shares,8376
אודיוקודס,אודק,1082965,Shares,10450
אוטומקס,אמקס,1131697,Shares,54.2
אולמד סולושנס,אלמד,1101450,Shares,63
אופטיבייס,אובס,1135516,Shares,3511
אופל בלאנס,אופל,1094986,Shares,358.3
אופקו הלת',אפקו,1129543,Shares,1261
אורביט,ארביט,265017,Shares,1876
אורד,אורד,1104496,Shares,58.6
אורון קבוצה,אורנ,1135706,Shares,1119
אוריין,אורן,1103506,Shares,4203
אורמד פארמ,ארמד,1141324,Shares,3632
אורמת טכנו,ארמת,1134402,Shares,22600
אזורים,אזרם,715011,Shares,1314
אטראו שוקי הון,אטרא,1096106,Shares,5520
אי.אל.די.,אילד,1084003,Shares,1074
איביאי בית השק,אבא,175018,Shares,8051
איי.אי מערכות,אאמש,169011,Shares,283.9
איי.סי.אל,איסל,281014,Shares,2355
איי.סי.בי,אסב,1097054,Shares,109.7
אייאיאס,איאס,431015,Shares,21780
איידיאיי ביטוח,אדבט,1129501,Shares,12600
איילון,אילון,209015,Shares,2678
אייס קמעונאות,אייס,1171669,Shares,2111
אייסקיור מדיקל,אסקמ,1122415,Shares,495.7
איירטאצ,ארטצ,1173376,Shares,789.7
אילקס מדיקל,אילקס,1080753,Shares,10860
אימקו,אמקו,282012,Shares,2083
אינטליקנה,אנטל,673012,Shares,234.7
אינטר תעשיות,אנתע,1080928,Shares,966.7
אינטרגאמא,אנטר,174011,Shares,5988
אינטרנט זהב-ש,אנזהב-ש,1083443,Shares,2600
אינטרקיור,אנקר,1106376,Shares,2586
אינפימר,אנפר,1080688,Shares,1532
אינרום,אנרם,1132356,Shares,1655
איסתא,אסתא,1081074,Shares,7018
אירודרום קבוצה,ארדמ,363010,Shares,371.9
איתמר,אתמר,1102458,Shares,218
אל על,אלעל,1087824,Shares,57.7
אלביט הדמיה,אלבהד,1081116,Shares,672.3
אלביט מדקל טכ,אלמדט,474015,Shares,155
אלביט מערכות,אלבמע,1081124,Shares,42250
אלוט,אלוט,1099654,Shares,6147
אלומיי,אלומ,1082635,Shares,9442
אלון גז,אלגז,1117688,Shares,1743
אלוני חץ,אלחץ,390013,Shares,4794
אלטשולר שחם גמל,אשגפ,1159037,Shares,2294
אלמוגים,אלמה,1136829,Shares,579.5
אלמור חשמל,אלמר,1142454,Shares,1034
אלספק,אלספק,1090364,Shares,481.5
אלקו,אלקו,694034,Shares,18660
אלקטרה,אלקטה,739037,Shares,185640
אלקטרה נדלן,אלקנד,1094044,Shares,3907
אלקטרה צריכה,אמצ,5010129,Shares,17340
אלקטריאון,אלוס,368019,Shares,27710
אלרוב נדלן,אלרנד,387019,Shares,15060
אלרון,אלרון,749077,Shares,1247
אמות,אמות,1097278,Shares,2245
אמיליה פיתוח,אמפת,589010,Shares,2295
אמנת,אמנת,654012,Shares,1842
אמת,אמת,382010,Shares,2280
אנגל שלמה,אנגלש,180018,Shares,5345
אנדימד,אנדי,1101021,Shares,268.4
אנלייבקס,אנלב,1158997,Shares,3046
אנלייט אנרגיה,אנלט,720011,Shares,692
אנליסט,אנלסט,1080613,Shares,2911
אנרג'יאן,אנאג,1155290,Shares,3760
אנרג'ין,אנגנ,1172071,Shares,1801
אנרג'יקס,אנרג,1123355,Shares,1270
אסאר אקורד,אסאק,422014,Shares,6963
אסטיגי,סטג,550012,Shares,1960
אספן גרופ,אסגר,313015,Shares,810.7
אפולו פאוור,אפלפ,1082114,Shares,2852
אפי נכסים,אפנכ,1091354,Shares,14500
אפסלון ברנדס,אפסל,456012,Shares,328.4
אפקון החזקות,אפהח,578013,Shares,20090
אפריקה מגורים,אפמג,1097948,Shares,17100
אפריקה תעשיות,אפתש,800011,Shares,451
אקוואריוס מנוע,אקור,1170240,Shares,3473
אקויטל,אקטל,755017,Shares,9160
אקופיה,אקפה,1169895,Shares,619.5
אקס טי אל,אקסבי,1085497,Shares,11.4
אקסיליון,אילנ,383018,Shares,1537
אקסל,אקסל,770016,Shares,213.6
אראסאל,רסל,299016,Shares,574.3
ארגו פרופרטיז,ארגו,1175371,Shares,8941
ארד,ארד,1091651,Shares,4793
ארית תעשיות,ארית,587014,Shares,133.5
ארן,ארן,1085265,Shares,2004
ארנה גרופ,ארנה,366013,Shares,23.6
ארפורט סיטי,ארפט,1095835,Shares,5826
ארקו קורפ,ארקו,1170901,Shares,3450
אשטרום קבוצה,אשקב,1132315,Shares,7665
ב.יאיר,ביאר,1097229,Shares,1360
באטמ,באטמ,1158823,Shares,387.8
בונוס ביוגרופ,בונס,485011,Shares,130.2
בוני תיכון,בנתכ,531012,Shares,2500
בזן,בזן,2590248,Shares,90.1
בזק,בזק,230011,Shares,365.6
בי קומיונקיישנס,בקומ,1107663,Shares,703.3
ביג,ביג,1097260,Shares,40670
ביו ויו,בויו,1096049,Shares,307.3
ביולייט,בולט,1095223,Shares,1140
ביוליין,ביול,1101518,Shares,63.5
ביומילק,במלק,278010,Shares,514.6
ביומיקס,במקס,1162734,Shares,2016
ביונ תלת מימד,ביונ,1175561,Shares,189.1
בינלאומי,בנלמ,593038,Shares,10350
בירמן,ברמן,530014,Shares,1764
בית הזהב,בזהב,235010,Shares,1375
בית שמש,מנבש,1081561,Shares,7016
בכורי שדה,בכרי,1172618,Shares,655
בלייד ריינג'ר,בלרן,1170513,Shares,2189
בליץ,בליץ,424010,Shares,370.8
בלנדר,בלנד,1172097,Shares,2968
בראק אן וי,ברקא,1121607,Shares,33270
בריינסוויי,ברינ,1100718,Shares,1759
בריל,בריל,399014,Shares,1820
ברימאג,ברמג,1094283,Shares,3265
ברם תעשיות,ברם,1094515,Shares,318.7
ברן,ברן,286013,Shares,1049
ברנד,ברנד,536011,Shares,545.3
ברנמילר,ברנמ,1141530,Shares,1162
גאון אחזקות,גאון,1104744,Shares,7000
גאון קבוצה,גנקב,454017,Shares,644.6
גב ים,גבים,759019,Shares,3063
גדסדן נכסים,גדס,1126226,Shares,139.3
גו.די.אם-ש,גודמ-ש,494013,Shares,199.3
גולד,גולד,149013,Shares,13110
גולן פלסטיק,גלפל,1091933,Shares,917.7
גולף,גולף,1096148,Shares,839.3
גזית גלוב,גלוב,126011,Shares,2465
ג'י וואן,גואנ,1156280,Shares,683.9
ג'י.אף.סי-ס,גפסי-ס,1122688,Shares,1050
ג'י.פי גלובל,גפגב,1144781,Shares,867.7
גיבוי אחזקות,גיבו,448019,Shares,1416
גילת,גילת,1082510,Shares,3202
גיקס,גיקס,744011,Shares,191.7
גלובל כנפיים,גלכנ,1141316,Shares,102.3
גלוברנדס,גלרס,1147487,Shares,39910
גלילאו טק,גלטק,1081983,Shares,260
גמלא הראל,גמלא,1175868,Shares,655
גן שמואל,גנשמ,532010,Shares,2061
גניגר,גנגר,1095892,Shares,1861
ג'נסל,גנסל,1169689,Shares,1131
ג'נריישן קפיטל,גנרש,1156926,Shares,108.9
דוניץ,דונץ,400010,Shares,14950
דור אלון,דראל,1093202,Shares,8576
דוראל אנרגיה,דורל,1166768,Shares,1474
דורסל,דרסל,1096676,Shares,1290
די.אן.איי ביומד,דאנא,1103852,Shares,150.3
דיסקונט       א,דסקנט,691212,Shares,1614
דיסקונט השקעות,דסקש,639013,Shares,1063
דיפלומט אחזקות,דיפל,1173491,Shares,6241
דלק קבוצה,דלקקב,1084128,Shares,17300
דלק רכב,דלקרכ,829010,Shares,4360
דלק תמלוגים,דלתמ,1129493,Shares,689.9
דלתא,דלתא,627034,Shares,11630
דלתא מותגים,דלתי,1173699,Shares,6383
דמרי,דמרי,1090315,Shares,18610
דן מלונות,דן,822015,Shares,2930
דנאל,דנאל,314013,Shares,63300
דניה סיבוס,דניה,1173137,Shares,7676
דקמא קפיטל,דקמא,1116177,Shares,79.9
הבורסה לניע בתא,ברסה,1159029,Shares,2075
הדסית ביו,הדסת,1095405,Shares,640.4
הולמס פלייס,הלמס,1142587,Shares,431.7
הום ביוגז,המגז,1172204,Shares,1333
הייקון מערכות,היקנ,1169945,Shares,610.5
הכשרה התחדשות,הכשע,1121474,Shares,455.4
הכשרת הישוב,הכשרה,612010,Shares,4118
המשביר 365,משבי,1104959,Shares,73.3
הפניקס,פנקס,767012,Shares,3006
הראל השקעות,הראל,585018,Shares,3309
וואיטסטון,ווטס,1082346,Shares,990.1
וואליו קפיטל,וליו,599019,Shares,183.6
וואן טכנולוגיות,וואן,161018,Shares,43990
וויו גרופ  C,וויוC,1171107,Shares,226
וויטסמוק,וסמק,216010,Shares,433.4
וויי בוקס,ובקס,486027,Shares,131.1
ווישור גלובלטק,וושר,1173228,Shares,700
וונטייז-ש,ונטז-ש,1138676,Shares,288.9
ויז'ן סיגמא,ויזן,350017,Shares,4397
וילאר,ולאר,416016,Shares,16540
וילי פוד,ולפוד,371013,Shares,3849
ויליפוד אינטרנש,וילפ,1082858,Shares,7749
ויקטורי,וקטר,1123777,Shares,6850
ויתניה,ותנה,1109966,Shares,2219
זנלכל,זנכל,130013,Shares,1741
חברה לישראל,חל,576017,Shares,101700
חג'ג',חגג,823013,Shares,2029
חד,חד,351015,Shares,2617
חילן,חילן,1084698,Shares,16000
חירון,חרון,150011,Shares,160970
חלל תקשורת,חלל,1092345,Shares,604.5
חממה סחר,חממה,1104785,Shares,386.9
חמת,חמת,384016,Shares,2085
חנן מור,חנמר,1102532,Shares,5325
טאואר,טאואר,1082379,Shares,9015
טבע,טבע,629014,Shares,3440
טוגדר,טגדר,462010,Shares,161.5
טופ מערכות,טופמע,1083377,Shares,960.8
טיב טעם,טטעמ,103010,Shares,890.4
טכנ גילוי אש גז,טכאש,1165307,Shares,896
טכנופלס ונצרס,טכפצר,1083419,Shares,1894
טלסיס,טלסיס,354019,Shares,14680
טלרד נטוורקס,טלרד,1140953,Shares,432.9
טראקנט,טראנ,1174093,Shares,785.2
יוחננוף,יחנפ,1161264,Shares,20070
יוטרון,יטרנ,1157114,Shares,869.4
יומן אקסטנשנס,ימקס,1170000,Shares,1785
יונט קרדיט,ינקר,1080605,Shares,2732
יוניבו,יונב,1093558,Shares,253.5
יוניטרוניקס,יונט,1083831,Shares,2332
יעקובי קבוצה,יעקב,1142421,Shares,74.9
יצוא,יצוא,704015,Shares,2730
ירושלים,ירשם,726018,Shares,1015
ישראכרט,ישכט,1157403,Shares,1303
ישראל קנדה,ישקנ,434019,Shares,1380
ישרוטל,ישרטל,1080985,Shares,6252
ישרס,ישרס,613034,Shares,74420
כהן פיתוח,כהנפת,810010,Shares,6892
כלל ביוטכנו,כללבי,1104280,Shares,217.7
כלל משקאות,כלמש,1147685,Shares,4207
כלל עסקי ביטוח,כללבט,224014,Shares,6700
כן פייט ביופרמה,כנפב,1094473,Shares,23.4
כנפיים,כנפים,543017,Shares,920.6
כפרית,כפרת,522011,Shares,2380
כרמית,כרמת,440016,Shares,1289
לאומי,לאומי,604611,Shares,2540
להב,להב,136010,Shares,439.8
לודזיה,לודז,753012,Shares,2500
לודן,לודן,1081439,Shares,1073
"לוזון נדל""ן",לזננ,666016,Shares,84.2
לוזון קבוצה,לוזנ,473017,Shares,163
לוינסקי עופר,ליעפ,200014,Shares,64.9
לוינשטין הנדסה,לשטן,573014,Shares,33500
לוינשטין נכסים,לשנכ,1119080,Shares,9417
ליבנטל,לבטל,584011,Shares,1794
לייבפרסון,לפסן,1123017,Shares,18070
ליניאג תרפיוטיק,לינג,1136365,Shares,752.8
לכיש,לכיש,826016,Shares,1068
לסיכו,לסכו,1140946,Shares,790
לפידות קפיטל,לפדת,642017,Shares,3949
מאסיבית,מסבת,1172972,Shares,2728
מבטח שמיר,מבשמ,127019,Shares,12060
מבנה,מבנה,226019,Shares,981.2
מגדל ביטוח,מגדל,1081165,Shares,467
מגדלי תיכון,מגתכ,1131523,Shares,1018
מגה אור,מגאר,1104488,Shares,11200
מגוריט,מריט,1139195,Shares,733.6
מג'יק,מגיק,1082312,Shares,5292
מדיוי,מדיוי,1122654,Shares,2089
מדיפאואר,מדפר,1139955,Shares,606.6
מהדרין,מהדרן,686014,Shares,15030
מובייל מקס-ש,מבמק-ש,1105139,Shares,684.1
מור השקעות,מרהש,1141464,Shares,1300
מזרחי טפחות,מזטפ,695437,Shares,9680
מטעי הדר 1,מטעי1,716019,Shares,28960
מטעי הדר 5,מטעי5,716035,Shares,73000
מטריקס,מטרקס,445015,Shares,8152
מידאס,מדאס,544015,Shares,80.7
מיחשוב ישר קב,מחשר,507012,Shares,23880
מיטב דש,מטדש,1081843,Shares,1939
מיטק,מיטק,1080720,Shares,220.1
מיטרוניקס,מטרן,1091065,Shares,6307
מיי סייז,מיסז,1094168,Shares,398
מיכמן,מכמן,1172337,Shares,136870
מימון ישיר,מישק,1168186,Shares,68690
מיקרונט,מקרנט,1099787,Shares,987.4
מירלנד,מרלד,1108638,Shares,8
מישורים,מישר,1105196,Shares,799.6
מליסרון,מלסרן,323014,Shares,22400
מלם תים,מלתם,156018,Shares,10620
מלרן,מלרן,1170950,Shares,1190
ממן,ממן,238014,Shares,698.9
מן הגורן,מנגנ,1080522,Shares,2275
מנדלסוןתשת,מנתש,1129444,Shares,1185
מנורה מב החז,ממהח,566018,Shares,7000
מניבים ריט,מנרט,1140573,Shares,209.7
מניף,מניף,1170893,Shares,1217
מנרב,מנרב,155036,Shares,72700
מספנות ישראל,מספנ,1168533,Shares,6897
מצלאוי,מצלא,1106749,Shares,1902
מקס סטוק,מקסו,1168558,Shares,1066
מר,מר,338012,Shares,424.1
מרחביה אחזקות,מראח,257014,Shares,79.1
משק אנרגיה,משקא,1166974,Shares,360.6
נאוי,נאוי,208017,Shares,2421
נאייקס,ניקס,1175116,Shares,1029
נובה,נובה,1084557,Shares,32900
נובולוג,נבלג,1140151,Shares,310.4
נופר אנרג'י,נופר,1170877,Shares,9200
נור,נורי,1175728,Shares,5358
נורסטאר,נסטר,723007,Shares,2620
נטו אחזקות,נטו,168013,Shares,13040
נטו מלינדה,נטמל,1105097,Shares,7412
נייס,נייס,273011,Shares,71000
נייר חדרה,נייח,632018,Shares,24870
ניסן,ניסן,660019,Shares,3167
נכסים ובנין,נכסבנ,699017,Shares,38890
נלה דיגיטל,נלה,341016,Shares,493.6
נפטא,נפטא,643015,Shares,1530
נקסט ג'ן,נקגן,1083930,Shares,531.4
נקסטייג',נקטג,433011,Shares,434.6
נקסטפרם,נקפר,1171933,Shares,657.4
נקסטקום,נקסט,1095785,Shares,1384
נתנאל גרופ,נתגר,421016,Shares,1331
סאטקום מערכות,סטקם,1080597,Shares,85.6
סאמיט,סמט,1081686,Shares,5165
סאני תקשורת,סנתק,1082353,Shares,143.3
סאנפלאואר,סנפל,1098755,Shares,995.3
סאפיינס,ספנס,1087659,Shares,9567
סבוריט,סברט,1169978,Shares,7798
סולאיר,סלאר,1172287,Shares,4046
סולגרין,סלגן,1102235,Shares,3522
סומוטו,סמטו,1129451,Shares,248.4
סונוביה,סונו,1170539,Shares,1899
סופווייב,סופב,1175439,Shares,2499
סופרגז,ספגז,1166917,Shares,7450
סיאי,סיאי,442012,Shares,603
סייברוואן,סיבר,1166693,Shares,2601
סייפ-טי גרופ,ספטי,1083856,Shares,11.2
סים בכורה  סד L,סמסטב,1142355,Shares,8415
סים קומרשייל,סמסט,1142306,Shares,4131
סינאל,סנאל,1084953,Shares,3845
סלע נדלן,סלענד,1109644,Shares,910
סלקום,סלקם,1101534,Shares,1310
סנו,סנו,813014,Shares,32170
ספאנטק,ספנטק,1090117,Shares,941.6
ספרינג,ספרג,1097344,Shares,1280
סקופ,סקופ,288019,Shares,10160
סקייליין,סקלן,1131556,Shares,2010
עדיקה סטייל,עדקה,1143643,Shares,925
עזריאלי קבוצה,עזרל,1119478,Shares,24770
עילדב,עלדב,1083658,Shares,239.1
עין שלישית,עינש,397018,Shares,938.9
על בד,עלבד,625012,Shares,6816
עמיר שיווק,עמשק,1092204,Shares,3010
ערד,ערד,731018,Shares,36980
ערך פיננסים,עפנכ,1120161,Shares,7862
עשות,עשות,312017,Shares,1090
פארמוקן,פמקנ,1096890,Shares,164.9
פוורפליט,פרפל,1160829,Shares,2185
פוטומיין,פוטו,1173855,Shares,8060
פוליגון,פלגן,745018,Shares,2877
פולירם,פולפ,1170216,Shares,1115
פוםוום,פומו,1173434,Shares,2926
פועלים,פעלים,662577,Shares,2756
פועלים איביאי,פאי,1084482,Shares,1737
פוקס,פוקס,1087022,Shares,37590
פורמולה מערכות,פרמלה,256016,Shares,29000
פורסייט,פרסט,199018,Shares,273.8
פז נפט,פזנפט,1100007,Shares,41490
פטרוכימיים,פטרו,756015,Shares,110.2
פיבי,פיבי,763011,Shares,12030
פייטון,פטון,412015,Shares,5548
פינרג'י,פנרג,1172360,Shares,1054
פיסיבי טכנ,פסבט,1091685,Shares,452.9
פלאזה סנטר -ס,פלזס-ס,1109917,Shares,76
פלוריסטם,פלתר,1121730,Shares,1218
פליינג ספארק,פליס,1173582,Shares,2006
פלנטארק,פלנט,1171404,Shares,1234
פלסאון תעשיות,פלסון,1081603,Shares,18490
פלסטו קרגל,פלקר,727016,Shares,474.2
פלסטופיל,פפיל,1092840,Shares,647.2
פלרם,פלרם,644013,Shares,3715
פמס,פמס,315010,Shares,9400
פנאקסיה ישראל,פנאק,1104363,Shares,212.4
פנינסולה,פננס,333013,Shares,371.8
פננטפארק,פננט,1142405,Shares,4119
פרוטליקס,פלקס,1120609,Shares,964.4
פרטנר,פרטנר,1083484,Shares,1525
פריגו,פרגו,1130699,Shares,14940
פרידנזון,פרדנ,1102219,Shares,9000
פריון נטוורק,פריון,1095819,Shares,5297
פריורטק,פרטק,328013,Shares,8485
פריים אנרג'י,פרים,1174457,Shares,1997
פרימוטק,פרמג,1175496,Shares,2705
פרפל ביוטק,פפבט,765016,Shares,173.8
פרשמרקט,פרשמ,1157833,Shares,1322
פרשקובסקי,פרשק,1102128,Shares,10640
פתאל החזקות,פתאל,1143429,Shares,35670
צאם,צאם,342014,Shares,206.1
צור,צור,730010,Shares,1111
צמח המרמן,צמח,1104058,Shares,2780
צ'קראטק,צקרט,1174184,Shares,683.4
צרפתי,צרפת,425017,Shares,2469
קאנומד,קנמד,1118116,Shares,73.9
קבסיר,קבסר,1173145,Shares,3030
קדימהסטם,קדסט,1128461,Shares,406.4
קו מנחה,קמנחה,271015,Shares,1630
קווינקו,קנקו,386011,Shares,880
קוויק,קויק,1173723,Shares,729.4
קוויקליזארד,קלרד,1172840,Shares,5800
קווליטאו,קלטו,1083955,Shares,3114
קומפיוגן,קמפג,1085208,Shares,2479
קומפיולאב,קומפ,1140300,Shares,2127
קופיקס גרופ,קפקס,389015,Shares,599.5
קליל,קליל,797035,Shares,34220
קמהדע,קמדע,1094119,Shares,1903
קמטק,קמטק,1095264,Shares,11770
קמן קפיטל-ש,קמןק-ש,1106806,Shares,403.8
קנאשור,קנשר,111013,Shares,75.4
קנון,קנון,1134139,Shares,11640
קנזון,קנזנ,1096007,Shares,703.8
קסטרו,קסטרו,280016,Shares,8465
קסניה,קסנה,1099571,Shares,288.1
קפיטל פוינט,קפטל,1097146,Shares,74.7
קרדן אן.וי.,קרנו,1087949,Shares,8
קרדן ישראל,קרדי,1210152,Shares,391.3
קרדן נדלן,קרנז,1118447,Shares,464
קרור,קרור,621011,Shares,9924
קרסו,קרסו,1123850,Shares,1688
קשרי תעופה,קשרתע,413013,Shares,1079
ראדא,ראדא,1082650,Shares,3784
ראלקו,רלקו,393017,Shares,4049
רבד,רבד,526012,Shares,780.1
רבוע נדלן,רבנד,1098565,Shares,23350
רבל,רבל,1103878,Shares,975.7
רובוגרופ,רבגפ,266015,Shares,551.3
רוטשטיין,רשטן,539015,Shares,3952
רותם שני,רתשנ,1171529,Shares,1873
ריט 1,ריט1,1098920,Shares,1770
ריט אזורים ליוי,אזרט,1162775,Shares,1325
ריטיילורס,רטלס,1175488,Shares,5999
רייזור,רזר,1172527,Shares,995.8
רימוני,רמני,1080456,Shares,7475
רם און,רמאן,1090943,Shares,1429
רמי לוי,רמלי,1104249,Shares,21200
רני צים,רנצם,1143619,Shares,527.6
רפק,רפק,769026,Shares,3141
רקח,רקח,1081009,Shares,2537
שגריר,שגרר,1138379,Shares,1946
שוהם ביזנס,שוהם,1082007,Shares,886.6
שופרסל,שפרסל,777037,Shares,2752
שטראוס,שטרס,746016,Shares,9380
שיח מדיקל,שיח,249011,Shares,64.2
שיכון ובינוי,שוב,1081942,Shares,2155
שירותי בנק אוטו,שבא,1158161,Shares,1822
שלאג,שלאג,1090547,Shares,1406
שמן תעשיות,שמןתע,634030,Shares,838.5
שניב,שניב,1080837,Shares,589.6
שנפ,שנפ,1103571,Shares,1984
שפיר הנדסה,שפהנ,1133875,Shares,2502
תאת טכנו,תאתטכ,1082726,Shares,1810
תדאה,תדאה,142018,Shares,1472
תדיר גן-ס,תדגן-ס,1090141,Shares,8.4
תדיראן גרופ,תדראן,258012,Shares,41050
תורפז,תרפז,1175611,Shares,1299
תיא השקעות,תאהש,796011,Shares,6565
תיגבור,תגבר,1105022,Shares,1979
תיגי,תיגי,1173871,Shares,3533
תיקון עולם קנבט,תקונ,1084367,Shares,549.9
תמר פטרוליום,תמרפ,1141357,Shares,483.3
תעוזה,תעוזה,290023,Shares,65.3
תפרון,תפרן,1082585,Shares,2073
אי.בי.אי. (5D)י TECH FUND - טכנולוגיה עילית,,1142538,ETF,
תכלית סל (40) ת''א 35,,1143700,ETF,
תכלית סל (40) ת''א 125,,1143718,ETF,
תכלית סל (40) ת''א בנקים 5,,1143726,ETF,
תכלית סל (4A)י NASDAQ 100 מנוטרלת מט''ח,,1143734,ETF,
תכלית סל (4A)י Hang Seng China מנוטרלת מט''ח,,1143742,ETF,
תכלית סל (4A)י EURO STOXX 50 מנוטרלת מט''ח,,1143767,ETF,
תכלית סל (40) משולבת אגח ממשלתי (75%) ת''א 35 (25%) חודשי,,1143775,ETF,
תכלית סל (40) ת''א 90,,1143783,ETF,
תכלית סל (00) תל בונד 20,,1143791,ETF,
תכלית סל (4A)י S&P 500 מנוטרלת מט''ח,,1143817,ETF,
תכלית סל (4A)י DAX 30 מנוטרלת מט''ח,,1143825,ETF,
תכלית סל (4A)י STOXX Europe 600 מנוטרלת אירו,,1143833,ETF,
תכלית סל (4D) ‏S&P Financial,,1143841,ETF,
תכלית סל (4A)י S&P Industrial מנוטרלת מט''ח,,1143858,ETF,
תכלית סל (4A)י MSCI World מנוטרלת דולר,,1143866,ETF,
תכלית סל (4A) משולבת S&P Consumer י(50%) S&P Staples י(50%) מנוטרלת מט''ח חודשי,,1143882,ETF,
תכלית סל (4A) משולבת NASDAQ Bio (70%) S&P Health (30%) מנוטרלת מט''ח חודשי,,1143890,ETF,
תכלית סל (4D) ‏S&P Consumer Discretionary,,1143957,ETF,
תכלית סל (4A)י S&P Technology מנוטרלת מט''ח,,1143965,ETF,
תכלית סל (4D) ‏S&P Consumer Staples,,1143981,ETF,
תכלית סל (4D) ‏S&P Health Care,,1143999,ETF,
תכלית סל (0B) תל בונד מאגר,,1144013,ETF,
תכלית סל (4A) משולבת מניות עולמי מנוטרלת מט''ח חודשי,,1144021,ETF,
תכלית סל (4A)י CAC 40 מנוטרלת מט''ח,,1144054,ETF,
תכלית סל (00) תל בונד ריבית משתנה,,1144070,ETF,
תכלית סל (40) משולבת אגח ממשלתי קונצרני (90%) תל דיב (10%) חודשי,,1144088,ETF,
תכלית סל (4D) משולבת אגח ממשלתי קונצרני (80%) מניות (20%) חודשי,,1144096,ETF,
תכלית סל (4D) ‏‏‏DAX 30,,1144104,ETF,
תכלית סל (4D)‏ MSCI India,,1144112,ETF,
תכלית סל (40) ת''א פיננסים,,1144161,ETF,
תכלית סל (60) חסר ת''א 35 (2133.6),,1144187,ETF,
תכלית סל (40) משולבת אגח ממשלתי (95%) תא 35 (5%) חודשי,,1144229,ETF,
תכלית סל (4D) ‏‏‏MSCI AC World,,1144237,ETF,
תכלית סל (4D) ‏ISE Cyber Security,,1144252,ETF,
תכלית סל (00) תל בונד תשואות שקל,,1144260,ETF,
תכלית סל (4D) ‏S&P Energy,,1144278,ETF,
תכלית סל (4D) ‏S&P 500 Low Volatility,,1144302,ETF,
תכלית סל (4D) ‏S&P Aerospace & Defense,,1144310,ETF,
תכלית סל (4A) ‏‏MSCI AC World מנוטרלת דולר,,1144336,ETF,
תכלית סל (00) תל בונד גלובל,,1144377,ETF,
תכלית סל (4D) ‏‏S&P 500,,1144385,ETF,
תכלית סל (4D) ‏‏‏NASDAQ 100,,1144401,ETF,
תכלית סל (4D) ‏‏‏‏NIKKEI 225,,1144419,ETF,
תכלית סל (4D) ‏‏EURO STOXX 50,,1144427,ETF,
תכלית סל (40) משולבת מניות ישראל חודשי,,1144443,ETF,
תכלית סל (4D) ‏‏‏MSCI Emerging Markets,,1144450,ETF,
תכלית סל (4A)י NIKKEI 225 מנוטרלת מט''ח,,1144468,ETF,
תכלית סל (4D) ‏‏‏Russell 2000,,1144484,ETF,
תכלית סל (00) משולבת ממשלתיות קבועה (60%) ממשלתיות צמודות (40%) 2-5 שנים חודשי,,1144492,ETF,
תכלית סל (00) משולבת ממשלתיות צמודות (60%) ממשלתיות קבועה (40%) 2-5 שנים חודשי,,1144500,ETF,
תכלית סל (4D) משולבת מניות ארהב חודשי,,1144518,ETF,
תכלית סל (4D) ‏‏‏NASDAQ Biotechnology,,1144526,ETF,
תכלית סל (4D) חוזה Bloomberg Brent Crude,,1144534,ETF,
תכלית סל (4D) חוזה ‏Bloomberg Silver,,1144542,ETF,
תכלית סל (40) ת''א נדל''ן,,1144559,ETF,
תכלית סל (40) ת''א צמיחה,,1144575,ETF,
תכלית סל (4A) ‏S&P/TSX 60 מנוטרלת מט''ח,,1144583,ETF,
תכלית סל (00) צמודות מדד ממשלתיות 0-2 שנים,,1144591,ETF,
תכלית סל (00) שקליות ריבית קבועה ממשלתיות 0-2 שנים,,1144609,ETF,
תכלית סל (00) מק''מ,,1144633,ETF,
תכלית סל (4D) ‏‏‏FTSE China 50,,1144641,ETF,
תכלית סל (60) ממונפת ת''א 35 פי 2 חודשי,,1144658,ETF,
תכלית סל (4D) ‏‏‏LBMA Gold Price AM,,1144666,ETF,
תכלית סל (00) משולבת אגח ממשלתי (70%) אגח קונצרני (30%) חודשי,,1144674,ETF,
תכלית סל (00) תל בונד צמודות-יתר,,1144690,ETF,
תכלית סל (60) ממונפת ת''א 35 פי 3 חודשי,,1144708,ETF,
תכלית סל (60) ממונפת בחסר ת''א 35 פי 2 חודשי,,1144716,ETF,
תכלית סל (4D)י STOXX Europe 600,,1144724,ETF,
תכלית סל (40) משולבת מניות MIDCAP ישראל חודשי,,1144799,ETF,
תכלית סל (40) ת''א נפט וגז,,1144807,ETF,
תכלית סל (40) ת''א ביומד,,1144815,ETF,
תכלית סל (00) תל בונד צמודות בנקים,,1144823,ETF,
תכלית סל (4A) ‏‏‏DJ Internet Composite מנוטרלת מט''ח,,1144831,ETF,
תכלית סל (4A)י S&P Financial מנוטרלת מט''ח,,1144849,ETF,
תכלית סל (4A)י FTSE 250 מנוטרלת מט''ח,,1144856,ETF,
תכלית סל (4A)י NASDAQ Biotechnology מנוטרלת מט''ח,,1144864,ETF,
תכלית סל (4A)י S&P Euro High Yield Dividend Aristocrats מנוטרלת מט''ח,,1144880,ETF,
תכלית סל (4A)י S&P UK High Yield Dividend Aristocrats מנוטרלת מט''ח,,1144898,ETF,
תכלית סל (4D) ‏‏‏S&P 500 Dividend Aristocrats,,1144906,ETF,
תכלית סל (4A)י S&P 500 Dividend Aristocrats מנוטרלת מט''ח,,1144914,ETF,
תכלית סל (4A) משולבת ‏‏‏S&P 500 Dividend Aristocrats מנוטרלת מט''ח חודשי,,1144922,ETF,
תכלית סל (0D) ‏‏‏iBoxx US Liquid Investment Grade Top 30,,1144930,ETF,
תכלית סל (4A)י IPOX 100 US מנוטרלת מט''ח,,1144948,ETF,
תכלית סל (4A)י S&P MidCap 400 מנוטרלת מט''ח,,1144955,ETF,
תכלית סל (40) משולבת אגח ממשלתי (90%) תל דיב (10%) חודשי,,1144963,ETF,
תכלית סל (00) שקליות ממשלתיות,,1144971,ETF,
תכלית סל (4D) משולבת ‏‏אגח ממשלתי (80%) מניות חול (20%) חודשי,,1144997,ETF,
תכלית סל (40) משולבת אגח ממשלתי (80%) ת''א 125 (20%) חודשי,,1145010,ETF,
תכלית סל (40) משולבת אגח ממשלתי קונצרני (85%) מניות (15%) חודשי,,1145028,ETF,
תכלית סל (40) תל דיב,,1145036,ETF,
תכלית סל (40) ת''א SME60,,1145044,ETF,
תכלית סל (00) משולבת אגח ממשלתי (80%) אגח קונצרני (20%) חודשי,,1145051,ETF,
תכלית סל (40) משולבת מניות מקומיות חודשי,,1145069,ETF,
תכלית סל (00) שקליות ריבית משתנה ממשלתיות,,1145077,ETF,
תכלית סל (00) צמודות מדד ממשלתיות 2-5 שנים,,1145085,ETF,
תכלית סל (00) תל בונד 40,,1145093,ETF,
תכלית סל (00) תל בונד 60,,1145101,ETF,
תכלית סל (4A)י KOSPI 200 מנוטרלת מט''ח,,1145119,ETF,
תכלית סל (4A)י FTSE 100 מנוטרלת מט''ח,,1145127,ETF,
תכלית סל (00) שקליות ריבית קבועה ממשלתיות,,1145143,ETF,
תכלית סל (00) שקליות ריבית קבועה ממשלתיות 2-5 שנים,,1145150,ETF,
תכלית סל (00) שקליות ריבית קבועה ממשלתיות 5+ שנים,,1145168,ETF,
תכלית סל (00) צמודות מדד ממשלתיות 5-10 שנים,,1145176,ETF,
תכלית סל (00) תל בונד שקלי,,1145184,ETF,
תכלית סל (00) משולבת אגח ממשלתי (50%) אגח קונצרני (50%) חודשי,,1145192,ETF,
תכלית סל (40) משולבת אגח ממשלתי קונצרני (88%) תא 125 (12%) חודשי,,1145200,ETF,
תכלית סל (4A)י Russell 2000 מנוטרלת מט''ח,,1145234,ETF,
תכלית סל (4A) משולבת מניות חול מנוטרלת מט''ח חודשי,,1145242,ETF,
תכלית סל (00) תל בונד תשואות,,1145259,ETF,
תכלית סל (4D)‏ MDAX,,1145283,ETF,
תכלית סל (4A)י MDAX מנוטרלת מט''ח,,1145309,ETF,
תכלית סל (4A)י משולבת LARGECAP מפותחות מנוטרלת מט''ח חודשי,,1145325,ETF,
תכלית סל (4A)י S&P Health Care מנוטרלת מט''ח,,1145333,ETF,
קסם Russell 2000 (4D) ETF,,1145713,ETF,
קסם ETFי (00) צמודות מדד ממשלתיות 5-10 שנים,,1145739,ETF,
קסם MSCI India (!)(4D) ETF,,1145747,ETF,
קסם KOSPI 200 (!)(4D) ETF,,1145754,ETF,
קסם Russian Depositary (4D) ETF,,1145770,ETF,
קסם MSCI World (4D) ETF,,1145804,ETF,
קסם MSCI Emerging Markets (4D) ETF,,1145812,ETF,
קסם LBMA Gold Price PM USD (4D) ETF,,1145820,ETF,
קסם MSCI AC Far East EX Japan (4D) ETF,,1145838,ETF,
קסם DJ Health Care Titans 30 (4D) ETF,,1145879,ETF,
קסם ISE Clean Edge Water (4D) ETF,,1145887,ETF,
קסם Cleantech (4D) ETF,,1145895,ETF,
קסם S&P Energy (4D) ETF,,1145903,ETF,
קסם 4A) ETF) תל דיב,,1145911,ETF,
קסם Bloomberg Brent Crude (4D) ETF,,1145929,ETF,
קסם NIKKEI 225 (4A) ETF מנוטרלת מט''ח,,1145945,ETF,
קסם EURO STOXX 50 (4A) ETF מנוטרלת מט''ח,,1145952,ETF,
קסם ETFי (00) תל בונד 20,,1145960,ETF,
קסם 4A) ETF) ת''א צמיחה,,1145994,ETF,
קסם STOXX Europe MID 200 (4D) ETF,,1146000,ETF,
קסם ETFי (00) שקליות ריבית משתנה ממשלתיות,,1146018,ETF,
קסם STOXX Global Dividend 100 US (4D) ETF,,1146034,ETF,
קסם ETFי (00) חסר תל בונד 20 (574),,1146042,ETF,
קסם 6A) ETF) ממונפת בחסר ת''א 35 פי 2 חודשי,,1146059,ETF,
קסם DJ US Dividend (4D) ETF,,1146067,ETF,
קסם S&P/TSX 60 (4D) ETF,,1146075,ETF,
קסם IBOVESPA(!)(4D) ETF,,1146091,ETF,
קסם CAC 40 (4D) ETF,,1146109,ETF,
קסם S&P/ASX 200 (4D) ETF,,1146117,ETF,
קסם 4A) ETF) ביטוח מניות והמירים,,1146125,ETF,
קסם ETFי (00) צמודות מדד ממשלתיות 0-2 שנים,,1146133,ETF,
קסם NASDAQ US BuyBack Achievers (4A) ETF מנוטרלת מט''ח,,1146141,ETF,
קסם ETFי (00) צמודות מדד ממשלתיות 2-5 שנים,,1146158,ETF,
קסם ETFי (00) שקליות ריבית קבועה ממשלתיות 0-2 שנים,,1146166,ETF,
קסם ETFי (00) שקליות ריבית קבועה ממשלתיות 5+ שנים,,1146174,ETF,
קסם STOXX Europe 600 (4A) ETF מנוטרלת אירו,,1146182,ETF,
קסם ETFי (00) שקליות ריבית קבועה ממשלתיות 2-5 שנים,,1146190,ETF,
קסם STOXX Europe 600 (4D) ETF,,1146208,ETF,
קסם ETFי (00) תל בונד 40,,1146216,ETF,
קסם NASDAQ US BuyBack Achievers (4D) ETF,,1146224,ETF,
קסם ETFי (00) תל בונד 60,,1146232,ETF,
קסם STOXX Europe MID 200 (4A) ETF מנוטרלת אירו,,1146240,ETF,
קסם ETFי (00) צמודות מדד ממשלתיות,,1146257,ETF,
קסם 4A) ETF) משולבת מניות אירופה חודשי מנוטרלת אירו,,1146265,ETF,
קסם ETFי (00) מק''מ,,1146273,ETF,
קסם ETFי (00) תל בונד צמודות-בנקים,,1146281,ETF,
קסם STOXX Europe 600 Technology (4D) ETF,,1146299,ETF,
קסם STOXX Europe 600 Banks (4A) ETF מנוטרלת אירו,,1146307,ETF,
קסם 4A) ETF) ת''א 90,,1146331,ETF,
קסם 4A) ETF) ת''א מעלה,,1146349,ETF,
קסם 4A) ETF) ת''א 125,,1146356,ETF,
קסם 4A) ETF) ת''א גלובל בלוטק,,1146364,ETF,
קסם MDAX (4D) ETF,,1146372,ETF,
קסם 6A) ETF) ממונפת ת''א 35 פי 3 חודשי,,1146380,ETF,
קסם EURO STOXX 50 (4D) ETF,,1146406,ETF,
קסם ETFי (00) תל בונד שקלי,,1146414,ETF,
קסם LBMA Gold Price PM USD (4A) ETF מנוטרלת מט''ח,,1146422,ETF,
קסם 4A) ETF) ת''א בנקים 5,,1146430,ETF,
קסם DJ Industrial Average (4D) ETF,,1146448,ETF,
קסם ETFי (00) חסר תל בונד 40 (534),,1146455,ETF,
קסם NIKKEI 225 (4D) ETF,,1146463,ETF,
קסם S&P 500 (4D) ETF,,1146471,ETF,
קסם Bloomberg Agriculture (4D) ETF,,1146489,ETF,
קסם FTSE 100 (4D) ETF,,1146497,ETF,
קסם NASDAQ 100 (4D) ETF,,1146505,ETF,
קסם DAX 30 (4D) ETF,,1146513,ETF,
קסם FTSE China 50 (4D) ETF,,1146521,ETF,
קסם 4A) ETF) ת''א SME60,,1146539,ETF,
קסם 4A) ETF) ת''א נדל''ן,,1146547,ETF,
קסם 4A) ETF) ת''א פיננסים,,1146554,ETF,
קסם ETFי (00) שקליות ריבית קבועה ממשלתיות,,1146562,ETF,
קסם 4A) ETF) ת''א 35,,1146570,ETF,
קסם MDAX (4A) ETF מנוטרלת מט''ח,,1146588,ETF,
קסם ‏STOXX Europe 600 Health Care (4D) ETF,,1146596,ETF,
קסם S&P 500 (4A) ETF מנוטרלת מט''ח,,1146604,ETF,
קסם NASDAQ 100 (4A) ETF מנוטרלת מט''ח,,1146612,ETF,
קסם Bloomberg Brent Crude (4A) ETF מנוטרלת מט''ח,,1146620,ETF,
קסם ETFי (00) משולבת אגח ממשלתי ישראל (65%) וקונצרני ישראל (35%) חודשי,,1146638,ETF,
קסם 0A) ETF) אג''ח ממשלתי כללי,,1146646,ETF,
קסם 2A) ETF) משולבת אגח כללי ישראל (90%) ומניות ישראל (10%) חודשי,,1146661,ETF,
קסם MSCI AC World (4D) ETF,,1146679,ETF,
קסם Hang Seng China (4A) ETF מנוטרלת מט''ח,,1146687,ETF,
קסם 2A) ETF) משולבת אגח כללי ישראל (80%) ומניות (20%) חודשי,,1146695,ETF,
קסם DAX 30 (4A) ETF מנוטרלת מט''ח,,1146703,ETF,
קסם Russell 2000 (4A) ETF מנוטרלת מט''ח,,1146729,ETF,
קסם MSCI Emerging Markets (4A) ETF מנוטרלת דולר,,1146737,ETF,
קסם 6A) ETF) חסר ת''א 35 (2044),,1146745,ETF,
קסם S&P Financial (4D) ETF,,1146786,ETF,
קסם S&P Consumer Discretionary (4D) ETF,,1146794,ETF,
קסם Swiss Market (4D) ETF,,1146802,ETF,
קסם DJ Internet Composite (4A) ETF מנוטרלת מט''ח,,1146810,ETF,
קסם 4A) ETF) משולבת מניות MidCap מפותחות חודשי מנוטרלת מט''ח,,1146828,ETF,
קסם 4A) ETF) ת''א נפט וגז,,1146885,ETF,
קסם 4A) ETF) ת''א ביומד,,1146893,ETF,
קסם iBoxx US Liquid Investment Grade Top 30 (0D) ETF,,1146919,ETF,
קסם ETFי (00) תל בונד צמודות,,1146927,ETF,
קסם ETFי (00) תל בונד צמודות-יתר,,1146935,ETF,
קסם S&P Homebuilders (4D) ETF,,1146943,ETF,
קסם ETFי (00) תל בונד תשואות,,1146950,ETF,
קסם 6D) ETF) ממונפת S&P 500 פי 3 חודשי,,1146968,ETF,
קסם 6D) ETF) ממונפת NASDAQ 100 פי 3 חודשי,,1146976,ETF,
קסם 6D) ETF) ממונפת DAX 30 פי 3 חודשי,,1146984,ETF,
קסם 6D) ETF) ממונפת בחסר S&P 500 פי 2 חודשי,,1146992,ETF,
קסם 6D) ETF) ממונפת בחסר NASDAQ 100 פי 2 חודשי,,1147008,ETF,
קסם ETFי (6D) ממונפת בחסר DAX 30 פי 2 חודשי,,1147016,ETF,
קסם S&P SmallCap 600 (4A) ETF מנוטרלת מט''ח,,1147024,ETF,
קסם Morningstar Wide Moat Focus (4D) ETF,,1147032,ETF,
קסם 4A) ETF) משולבת מניות ארהב חודשי מנוטרלת מט''ח,,1147040,ETF,
קסם 2A) ETF) משולבת אגח ממש' (55%) קונצרני (30%) ומניות (15%) חודשי מנוטרלת מט''ח,,1147057,ETF,
קסם S&P 500 Low Volatility High Dividend (4D) ETF,,1147065,ETF,
קסם MSCI World (4A) ETF מנוטרלת דולר,,1147073,ETF,
קסם 0A) ETF) תל בונד מאגר,,1147081,ETF,
קסם FTSE 250 (4A) ETF מנוטרלת מט''ח,,1147099,ETF,
קסם DJ US Dividend (4A) ETF מנוטרלת מט''ח,,1147107,ETF,
קסם EURO STOXX Dividend 30 (4A) ETF מנוטרלת מט''ח,,1147115,ETF,
קסם EURO STOXX Banks (4A) ETF מנוטרלת מט''ח,,1147123,ETF,
קסם ETFי (00) חסר תל בונד תשואות (529.6),,1147131,ETF,
קסם 2A) ETF) משולבת אגח ממשלתי ישראל (80%) ומניות חו''ל (20%) חודשי מנוטרלת מט''ח,,1147149,ETF,
קסם 4D) ETF) משולבת מניות ארהב חודשי,,1147156,ETF,
קסם iBoxx US Liquid Investment Grade Top 30 (0A) ETF מנוטרלת מט''ח,,1147164,ETF,
קסם S&P Health Care (4D) ETF,,1147172,ETF,
קסם ETFי (00) חסר שקליות ריבית קבועה ממשלתיות 5+ שנים (917.6),,1147180,ETF,
קסם ETFי (00) תל בונד ריבית משתנה,,1147198,ETF,
קסם 4D) ETF) משולבת מניות סקטורים ארהב S&P חודשי,,1147214,ETF,
קסם S&P Technology (4D) ETF,,1147230,ETF,
קסם S&P Consumer Staples (4D) ETF,,1147248,ETF,
קסם iBoxx $ Corps Liquid 1-3 Years (0A) ETF מנוטרלת מט''ח,,1147255,ETF,
קסם iBoxx $ Corps Liquid 3-7 Years (0A) ETF מנוטרלת מט''ח,,1147263,ETF,
קסם Bluestar Israel Global Technology (4D) ETF,,1147271,ETF,
קסם iBoxx $ Corps Liquid 3-7 Years (0D) ETF,,1147297,ETF,
קסם S&P Health Care (4A) ETF מנוטרלת מט''ח,,1147321,ETF,
קסם 6A) ETF) חסר ת''א SME60י (1191.2),,1147347,ETF,
קסם S&P Pharmaceuticals (4D) ETF,,1147354,ETF,
קסם MSCI AC World (4A) ETF מנוטרלת דולר,,1147362,ETF,
קסם ETFי (00) תל בונד שקלי 3-5,,1147396,ETF,
קסם S&P Industrial (4D) ETF,,1147529,ETF,
קסם STOXX Europe 600 Banks (4D) ETF,,1147537,ETF,
קסם FTSE 100 (4A) ETF מנוטרלת מט''ח,,1147545,ETF,
פסגות ETFי (00) שקליות ריבית משתנה ממשלתיות,,1147776,ETF,
פסגות ETFי (00) שקליות ריבית קבועה ממשלתיות 2-5 שנים,,1147792,ETF,
פסגות ETFי (00) שקליות ריבית קבועה ממשלתיות 5+ שנים,,1147818,ETF,
פסגות Russell 2000 (4D) ETF,,1147859,ETF,
פסגות ETFי (00) שקליות ממשלתיות,,1147867,ETF,
פסגות LBMA Gold Price AM (4D) ETF,,1147875,ETF,
פסגות Russell 2000 (4A) ETF מנוטרלת מט''ח,,1147891,ETF,
פסגות STOXX Europe 600 (4A) ETF מנוטרלת אירו,,1147909,ETF,
פסגות ETFי (00) צמודות מדד ממשלתיות 2-5 שנים,,1147917,ETF,
פסגות ETFי (00) צמודות מדד ממשלתיות 5-10 שנים,,1147925,ETF,
פסגות ETFי (00) צמודות מדד ממשלתיות,,1147933,ETF,
פסגות ETFי (00) שקליות ריבית קבועה ממשלתיות,,1147941,ETF,
פסגות ETFי (00) תל בונד 20,,1147958,ETF,
פסגות iBoxx US Liquid Investment Grade Top 30 (0D) ETF,,1147966,ETF,
פסגות ETFי (00) תל בונד 40,,1147974,ETF,
פסגות NASDAQ US BuyBack Achievers (4A) ETF מנוטרלת מט''ח,,1147982,ETF,
פסגות MDAX (4A) ETF מנוטרלת מט''ח,,1147990,ETF,
פסגות ETFי (00) תל בונד 60,,1148006,ETF,
פסגות FTSE 250 (4A) ETF מנוטרלת מט''ח,,1148014,ETF,
פסגות ETFי (00) תל בונד צמודות-יתר,,1148030,ETF,
פסגות ETFי (00) תל בונד צמודות,,1148048,ETF,
פסגות S&P MidCap 400 (4A) ETF מנוטרלת מט''ח,,1148055,ETF,
פסגות ETFי (00) תל בונד תשואות,,1148063,ETF,
פסגות DJ US Dividend (4A) ETF מנוטרלת מט''ח,,1148089,ETF,
פסגות iBoxx US Liquid Investment Grade Top 30 (0A) ETF מנוטרלת מט''ח,,1148097,ETF,
פסגות EURO STOXX Dividend 30 (4A) ETF מנוטרלת מט''ח,,1148139,ETF,
פסגות NASDAQ 100 (4D) ETF,,1148147,ETF,
פסגות S&P Financial (4A) ETF מנוטרלת מט''ח,,1148154,ETF,
פסגות S&P 500 (4D) ETF,,1148162,ETF,
פסגות ETFי (0A) תל בונד מאגר,,1148170,ETF,
פסגות ETFי (00) תל בונד צמודות 0-3,,1148188,ETF,
פסגות S&P Technology (4A) ETF מנוטרלת מט''ח,,1148196,ETF,
פסגות ETFי (00) תל בונד צמודות 3-5,,1148204,ETF,
פסגות S&P Health Care (4A) ETF מנוטרלת מט''ח,,1148212,ETF,
פסגות ETFי (00) תל בונד צמודות 5-15,,1148220,ETF,
פסגות S&P Consumer Discretionary (4A) ETF מנוטרלת מט''ח,,1148238,ETF,
פסגות S&P Consumer Staples (4A) ETF מנוטרלת מט''ח,,1148246,ETF,
פסגות DJ Industrial Average (4D) ETF,,1148253,ETF,
פסגות ETFי (00) תל בונד שקלי,,1148261,ETF,
פסגות S&P Regional Banks (4A) ETF מנוטרלת מט''ח,,1148287,ETF,
פסגות EURO STOXX 50 (4A) ETF מנוטרלת מט''ח,,1148295,ETF,
פסגות ETFי (00) תל בונד ריבית משתנה,,1148303,ETF,
פסגות ETFי (00) תל בונד תשואות שקל,,1148311,ETF,
פסגות STOXX Europe 600 (4D) ETF,,1148329,ETF,
פסגות ETFי (00) תל בונד שקלי 50,,1148337,ETF,
פסגות ETFי (00) תל בונד שקלי 0-3,,1148345,ETF,
פסגות ETFי (00) תל בונד שקלי 3-5,,1148360,ETF,
פסגות S&P Health Care (4D) ETF,,1148386,ETF,
פסגות ETFי (00) תל בונד שקלי 5-15,,1148410,ETF,
פסגות MSCI AC World (4A) ETF מנוטרלת דולר,,1148428,ETF,
פסגות S&P 500 (4A) ETF מנוטרלת מט''ח,,1148436,ETF,
פסגות ETFי (00) תל בונד גלובל,,1148444,ETF,
פסגות ETFי (00) תל בונד צמודות A,,1148477,ETF,
פסגות ETFי (00) תל בונד צמודות AA-AAA,,1148527,ETF,
פסגות ETFי (00) תל בונד שקלי A,,1148568,ETF,
פסגות ETFי (00) תל בונד שקלי AA-AAA,,1148592,ETF,
פסגות NASDAQ US BuyBack Achievers (4D) ETF,,1148618,ETF,
פסגות ETFי (4A) ת''א 90,,1148642,ETF,
פסגות ETFי (4A) משולבת מניות חו''ל מפותחות MidCap חודשי מנוטרלת מט''ח,,1148675,ETF,
פסגות ETFי (4A) ת''א נדל''ן,,1148691,ETF,
פסגות S&P Technology (4D) ETF,,1148741,ETF,
פסגות ETFי (4A) ת''א גלובל בלוטק,,1148758,ETF,
פסגות ETFי (4A) תל דיב,,1148766,ETF,
פסגות ETFי (4A) ת''א בנקים 5,,1148774,ETF,
פסגות ETFי (4A) ת''א צמיחה,,1148782,ETF,
פסגות ETFי (4A) ת''א 35,,1148790,ETF,
פסגות ETFי (4A) ת''א 125,,1148808,ETF,
פסגות ETFי (4A) ת''א פיננסים,,1148816,ETF,
פסגות ETFי (4A) ת''א SME60,,1148824,ETF,
פסגות ETFי (4A) ת''א נפט וגז,,1148832,ETF,
פסגות ETFי (4A) ת''א SME150,,1148840,ETF,
פסגות ETFי (4A) ת''א סקטור באלאנס,,1148857,ETF,
פסגות DJ US Dividend (4D) ETF,,1148865,ETF,
הראל סל (4A) ת''א 125,,1148899,ETF,
הראל סל (4A) ת''א 35,,1148907,ETF,
הראל סל (4A) ת''א 90,,1148931,ETF,
הראל סל (4A) ת''א בנקים 5,,1148949,ETF,
הראל סל (4A) ת''א SME60,,1148956,ETF,
הראל סל (4A) ת''א נדל''ן,,1148964,ETF,
הראל סל (4A) ת''א פיננסים,,1148980,ETF,
הראל סל (4A) ת''א צמיחה,,1149004,ETF,
פסגות DAX 30 (4D) ETF,,1149012,ETF,
הראל סל (4D) ‏S&P 500,,1149020,ETF,
הראל סל (4D) ‏NASDAQ 100,,1149038,ETF,
הראל סל (4D) ‏DAX 30,,1149053,ETF,
הראל סל (4D) ‏Hang Seng,,1149079,ETF,
הראל סל (4D) ‏MSCI INDIA,,1149095,ETF,
הראל סל (4A) ‏NASDAQ 100 מנוטרלת מט''ח,,1149103,ETF,
פסגות S&P Energy (4D) ETF,,1149111,ETF,
פסגות S&P Financial (4D) ETF,,1149129,ETF,
הראל סל (4A) ‏S&P 500 מנוטרלת מט''ח,,1149137,ETF,
הראל סל (4A) ‏DAX 30 מנוטרלת מט''ח,,1149160,ETF,
הראל סל (4D) ‏DJ Industrial Average,,1149228,ETF,
פסגות ETFי (6A) חסר ת''א 90 (2579.584),,1149236,ETF,
הראל סל (4D) ‏EURO STOXX 50,,1149244,ETF,
הראל סל (4A) ‏NIKKEI 225 מנוטרלת מט''ח,,1149251,ETF,
הראל סל (4D) ‏S&P Industrial,,1149285,ETF,
הראל סל (4D) ‏MSCI Emerging Markets,,1149301,ETF,
הראל סל (4D) ‏MSCI AC World,,1149335,ETF,
פסגות S&P Consumer Staples (4D) ETF,,1149350,ETF,
פסגות S&P Industrial (4D) ETF,,1149384,ETF,
פסגות S&P Consumer Discretionary (4D) ETF,,1149392,ETF,
פסגות Markit iBoxx US Liquid Investment Grade 0-5 Years (0A) ETF מנוטרלת מט''ח,,1149418,ETF,
פסגות Bloomberg Barclays US Corporate 1-5 Years (0A) ETF מנוטרלת מט''ח,,1149442,ETF,
פסגות Bloomberg Barclays US Corporate 1-5 Years (0D) ETF,,1149475,ETF,
פסגות Bloomberg Barclays US Intermediate Credit (0D) ETF,,1149483,ETF,
פסגות S&P 500 Low Volatility High Dividend (4D) ETF,,1149517,ETF,
פסגות STOXX Global Dividend 100 USD (4D) ETF,,1149632,ETF,
פסגות FTSE China 50 (4D) ETF,,1149673,ETF,
פסגות MSCI World (4D) ETF,,1149764,ETF,
פסגות MSCI AC World (4D) ETF,,1149772,ETF,
פסגות MSCI Emerging Markets (4D) ETF,,1149780,ETF,
פסגות NIKKEI 225 (4A) ETF מנוטרלת מט''ח,,1149814,ETF,
פסגות NASDAQ 100 (4A) ETF מנוטרלת מט''ח,,1149822,ETF,
פסגות DAX 30 (4A) ETF מנוטרלת מט''ח,,1149830,ETF,
הראל סל (4D) ‏S&P Health Care,,1149848,ETF,
הראל סל (4D) ‏S&P Financial,,1149855,ETF,
הראל סל (4D) ‏S&P Consumer Staples,,1149863,ETF,
הראל סל (4D) ‏STOXX Europe 600,,1149871,ETF,
הראל סל (4A) ‏STOXX Europe 600 מנוטרלת אירו,,1149889,ETF,
הראל סל (4A) ‏S&P Financial מנוטרלת מט''ח,,1149897,ETF,
הראל סל (4A) ‏S&P 500 Low Volatility מנוטרלת מט''ח,,1149905,ETF,
הראל סל (4A) ‏MSCI Europe Financials מנוטרלת אירו,,1149913,ETF,
הראל סל (4D) ‏S&P Technology,,1149939,ETF,
‏MTF סל (00) שקליות ריבית קבועה ממשלתיות,,1149954,ETF,
MTF סל (00) שקליות ריבית קבועה ממשלתיות 2-5 שנים,,1149962,ETF,
הראל סל (4A) ‏S&P 500 Equal Weight מנוטרלת מט''ח,,1149970,ETF,
MTF סל (00) תל בונד 20,,1149988,ETF,
MTF‏ סל (00) תל בונד 60‎,,1149996,ETF,
MTF סל (00) תל בונד שקלי,,1150002,ETF,
MTF סל‏ (00) צמודות מדד ממשלתיות 2-5 שנים,,1150010,ETF,
הראל סל (4D) ‏S&P Energy,,1150036,ETF,
MTF סל (00) שקליות ריבית קבועה ממשלתיות 5+ שנים,,1150051,ETF,
MTF סל (00) צמודות מדד ממשלתיות 5-10 שנים,,1150069,ETF,
MTF סל (00) תל בונד צמודות,,1150101,ETF,
MTF סל (00) תל בונד תשואות,,1150119,ETF,
MTF סל (00) תל בונד גלובל,,1150135,ETF,
MTF סל‏ (00) תל בונד שקלי 50,,1150168,ETF,
MTF סל (4A) ת''א 35,,1150184,ETF,
הראל סל (4A) ‏ISE Cyber Security מנוטרלת דולר,,1150192,ETF,
הראל סל (4A) ‏MSCI AC World מנוטרלת דולר,,1150200,ETF,
MTF סל (STOXX Europe 600 (4D,,1150226,ETF,
MTF סל (RUSSELL 2000 (4D,,1150242,ETF,
MTF סל‏ (4A) ת''א 90,,1150259,ETF,
MTF סל‏ (4A) ת''א טק-עילית,,1150267,ETF,
MTF סל (MSCI Emerging Markets (4D,,1150275,ETF,
MTF סל (4A) ת''א 125,,1150283,ETF,
MTF סל (4A) תל דיב,,1150291,ETF,
MTF סל (MDAX (4D,,1150325,ETF,
MTF סל (S&P 500 (4D,,1150333,ETF,
MTF סל (S&P Aerospace & Defense (4D,,1150341,ETF,
MTF סל (S&P Consumer Discretionary (4D,,1150358,ETF,
MTF סל (S&P Consumer Staples (4D,,1150366,ETF,
הראל סל (4D) ‏ISE Cyber Security,,1150374,ETF,
MTF סל (S&P Financial (4D,,1150382,ETF,
MTF סל (S&P Health Care (4D,,1150390,ETF,
MTF סל (S&P Industrial (4D,,1150408,ETF,
MTF סל (DAX 30 (4A מנוטרלת מט''ח,,1150416,ETF,
MTF סל (S&P Technology (4D,,1150424,ETF,
MTF סל (S&P Health Care (4A מנוטרלת מט''ח,,1150432,ETF,
הראל סל (00) תל בונד 20,,1150440,ETF,
MTF סל (S&P Industrial (4A מנוטרלת מט''ח,,1150457,ETF,
MTF סל (EURO STOXX Dividend 30 (4A מנוטרלת מט''ח,,1150465,ETF,
הראל סל (00) תל בונד 60,,1150473,ETF,
MTF סל (S&P Technology (4A מנוטרלת מט''ח,,1150481,ETF,
הראל סל (00) תל בונד 40,,1150499,ETF,
MTF סל (S&P Utilities (4A מנוטרלת מט''ח,,1150507,ETF,
MTF סל (MDAX (4A מנוטרלת מט''ח,,1150515,ETF,
הראל סל (00) תל בונד שקלי,,1150523,ETF,
MTF סל (NIKKEI 225 (4A מנוטרלת מט''ח,,1150531,ETF,
MTF סל (RUSSELL 2000 (4A מנוטרלת מט''ח,,1150549,ETF,
MTF סל (S&P Aerospace & Defense (4A מנוטרלת מט''ח,,1150564,ETF,
MTF סל (S&P 500 (4A מנוטרלת מט''ח,,1150572,ETF,
MTF סל (S&P Financial (4A מנוטרלת מט''ח,,1150598,ETF,
הראל סל (00) תל בונד צמודות,,1150606,ETF,
MTF סל (STOXX Europe 600 (4A מנוטרלת מט''ח,,1150614,ETF,
הראל סל (00) תל בונד תשואות,,1150622,ETF,
MTF סל (STOXX Europe MID 200 (4A מנוטרלת מט''ח,,1150630,ETF,
MTF סל (S&P Consumer Discretionary (4A מנוטרלת מט''ח,,1150663,ETF,
הראל סל (00) תל בונד תשואות שקל,,1150671,ETF,
MTF סל (S&P Consumer Staples (4A מנוטרלת מט''ח,,1150689,ETF,
הראל סל (0D) ‏iBoxx $ Corps Liquid 3-7 Years,,1150705,ETF,
הראל סל (00) תל בונד שקלי 50,,1150713,ETF,
MTF סל (S&P Energy (4A מנוטרלת מט''ח,,1150721,ETF,
הראל סל (00) תל בונד גלובל,,1150739,ETF,
הראל סל (00) תל בונד שקלי-בנקים וביטוח,,1150747,ETF,
קסם ETFי (00) תל בונד צמודות 3-5,,1150754,ETF,
קסם ETFי (00) תל בונד שקלי 50,,1150762,ETF,
קסם ETFי (00) תל בונד גלובל,,1150770,ETF,
קסם iBoxx USD Liquid FRN Investment Grade Corporates 100 (0D) ETF,,1150788,ETF,
קסם S&P MidCap 400 (4D) ETF,,1150796,ETF,
הראל סל (4A) ‏S&P Health Care מנוטרלת מט''ח,,1150838,ETF,
MTF סל (DAX 30 (4D,,1150861,ETF,
תכלית סל (4D) ‏‏‏TecDAX,,1150895,ETF,
פסגות ETFי (00) תל בונד צמודות-בנקים,,1154699,ETF,
פסגות ETFי (00) כשרה תל בונד 60,,1155076,ETF,
הראל סל (00) כשרה תל בונד 60,,1155092,ETF,
תכלית סל (00) כשרה תל בונד תשואות,,1155100,ETF,
תכלית סל (00) כשרה תל בונד צמודות-יתר,,1155118,ETF,
קסם ETFי (00) כשרה תל בונד 60,,1155126,ETF,
קסם ETFי (00) כשרה תל בונד שקלי,,1155159,ETF,
פסגות ETFי (00) כשרה תל בונד שקלי,,1155175,ETF,
תכלית סל (00) כשרה תל בונד שקלי,,1155183,ETF,
הראל סל (00) כשרה תל בונד שקלי,,1155191,ETF,
פסגות ETFי (4A) כשרה ת''א 125,,1155324,ETF,
הראל סל (4A) כשרה ת''א 125,,1155340,ETF,
קסם 4A) ETF) כשרה ת''א 125,,1155365,ETF,
תכלית סל (40) כשרה ת''א 125,,1155373,ETF,
קסם 0D) ETF) תל בונד-דולר,,1157379,ETF,
קסם S&P U.S. Treasury Bond 1-3 Year (0D) ETF,,1157908,ETF,
קסם S&P U.S. Treasury Bond 3-5 Year (0D) ETF,,1157916,ETF,
קסם S&P U.S. Treasury Bond 7-10 Year (0D) ETF,,1157924,ETF,
קסם S&P U.S. Treasury Inflation Protected Security 1-3 Year (0D) ETF,,1157932,ETF,
קסם NIFTY 50 (!)(4D) ETF,,1157957,ETF,
הראל סל (0D) ‏Bluestar Israel Government USD Bond,,1158260,ETF,
קסם ETF י(00) אינדקס Bullet צמוד 2023,,1158278,ETF,
קסם ETF י(00) אינדקס Bullet צמוד 2025,,1158286,ETF,
קסם ETF י(00) אינדקס Bullet שקלי 2023,,1158294,ETF,
קסם ETF י(00) אינדקס Bullet שקלי 2025,,1158302,ETF,
MTF סל (Indxx US E-Commerce (4D,,1158310,ETF,
MTF סל (Indxx USA Cloud Computing (4D,,1158328,ETF,
MTF סל (00) כשרה תל בונד 60,,1159698,ETF,
MTF סל (00) כשרה תל בונד שקלי,,1159706,ETF,
MTF סל (4A) כשרה ת''א-125,,1159714,ETF,
תכלית סל (4D)י Indxx US Industrial Real Estate & Logistics,,1160159,ETF,
תכלית סל (60) חסר ת''א 90 (2237.072),,1161033,ETF,
קסם ETF י(60) חסר ת''א 90 (2321.8),,1161058,ETF,
קסם ETF י(4D)י BlueStar Data Center and Logistics Real Estate,,1161132,ETF,
תכלית סל (4D)י Indxx Old Age REITs,,1161140,ETF,
הראל סל (4A) ת''א טכנולוגיה,,1161827,ETF,
קסם ETF י(00) חסר תל בונד גלובל (600),,1161876,ETF,
קסם ETF י(60) חסר ת''א 125 (2610),,1161884,ETF,
MTF סל (S&P 500 ESG (4D,,1162189,ETF,
MTF סל (00) אינדקס אג''ח בנקים וביטוח - רובד 2,,1162361,ETF,
קסם CSI300 (4D) ETF,,1162783,ETF,
MTF סל (4A) ת''א-בנייה,,1165653,ETF,
MTF סל (4A) ת''א-מניב ישראל,,1165661,ETF,
מור סל (4D)י S&P 500,,1165810,ETF,
מור סל (4A)י S&P 500 מנוטרלת מט''ח,,1165828,ETF,
מור סל (4D)י NASDAQ 100,,1165836,ETF,
מור סל (4A)י NASDAQ 100 מנוטרלת מט''ח,,1165844,ETF,
הראל סל (4A) כשרה ת''א 90,,1166172,ETF,
MTF סל (Indxx Pure Cyber (4D,,1166255,ETF,
קסם 4A) ETF) ת''א סקטור-באלאנס,,1167261,ETF,
קסם ETF י(00) אינדקס Bullet שקלי 2026,,1167279,ETF,
קסם Indxx Climate Change Solutions (4D) ETF,,1167329,ETF,
MTF סל (Bluestar Robotics (4D,,1167519,ETF,
הראל סל (6A) ממונפת NASDAQ 100 פי 3 חודשי מנוטרלת מט''ח,,1167568,ETF,
הראל סל (6D) ממונפת בחסר NASDAQ 100 פי 2 חודשי,,1167576,ETF,
MTF סל (Bluestar Travel & Vacation (4D,,1167584,ETF,
הראל סל (4A)י Dow Jones U.S. Select Medical Equipment מנוטרלת מט''ח,,1167618,ETF,
מור סל (STOXX Europe 600 Low Carbon (4D,,1168319,ETF,
קסם ETF י(4D)י ISE Cyber Security,,1168715,ETF,
MTF סל (4A) אינדקס אנרגיה מתחדשת ישראל,,1168723,ETF,
קסם ETF י(4D)י אינדקס eGaming,,1168814,ETF,
תכלית סל (00) תל בונד שקלי 50,,1169333,ETF,
תכלית סל (4D) אינדקס ביג טק 30 ארה''ב,,1169341,ETF,
MTF סל (4A) ת''א - טכנולוגיה,,1169408,ETF,
קסם ETF י(4D)י אינדקס Cloud Computing,,1169465,ETF,
הראל סל (0A) תל בונד מאגר,,1169622,ETF,
MTF סל (Bluestar Top 10 US Banks (4D,,1169796,ETF,
תכלית סל (4D)י NASDAQ Clean Edge Green Energy EW,,1169804,ETF,
MTF סל (Indxx Renewable Energy (4D,,1169838,ETF,
MTF סל (4A) אינדקס צריכה מחזורית ישראל,,1170646,ETF,
תכלית סל (4D)י PHLX Semiconductor Sector,,1170703,ETF,
קסם ETFי(00)י תל בונד-תשואות שקל,,1170836,ETF,
קסם Indxx China Internet (4D) ETF,,1170844,ETF,
הראל סל (S&P Kensho Cleantech (4D,,1171032,ETF,
הראל סל (4A) ת''א-קלינטק,,1171040,ETF,
MTF סל (6A) חסר ת''א 90 (2846.50),,1171099,ETF,
MTF סל (4D) אינדקס Shopping Centers REIT,,1171321,ETF,
MTF סל (Bluestar Electric Vehicles Industry (4D,,1171545,ETF,
MTF סל (Bluestar China Internet Software (4D,,1171586,ETF,
MTF סל (00) תל בונד - צמודות A,,1171594,ETF,
פסגות ETFי (4A) ת''א טכנולוגיה,,1171602,ETF,
קסם CSI300 (4A) ETF מנוטרלת מט''ח,,1171784,ETF,
תכלית סל (40) ת''א-קלינטק,,1171925,ETF,
קסם S&P New China Sectors (4D) ETF,,1172246,ETF,
MTF סל (4D) אינדקס הייטק ישראלי בחו''ל,,1172634,ETF,
תכלית סל (4D) אינדקס ביג טק 30 סין,,1172642,ETF,
תכלית סל (4D) אינדקס Pets Care,,1172667,ETF,
MTF סל (00) תל בונד - שקלי A,,1172824,ETF,
קסם ETF י(4D)י MVIS US Listed Semiconductor 25,,1174119,ETF,
תכלית סל (60) חסר ת''א-קלינטק (1656.112),,1174499,ETF,
תכלית סל (6D) חסר NASDAQ 100 י(25187.984),,1174507,ETF,
תכלית סל (6D) חסר S&P 500 י(12219.792),,1174515,ETF,
MTF סל (4A) ת''א-125 אקלים נקי מדלקים פוסיליים,,1174796,ETF,
MTF סל (Bluestar Genomic Health Care (4D,,1174911,ETF,
MTF מחקה S&P 500,,5122627,ETF,
קסם S&P 500 KTF ,,5124482,ETF,
